method_label,dataset_index,sample_name,image_path,depth_path,panel_path,c2_abs_rel,method_abs_rel,method_minus_c2_abs_rel,method_better_than_c2
N2_lp0p8_q0p3_aggressive,0,Camera_0_rgb_00618,/mnt/drive/1111_new_works/VKITTI2/rgb/Scene20/morning/frames/rgb/Camera_0/rgb_00618.jpg,/mnt/drive/1111_new_works/VKITTI2/depth/Scene20/morning/frames/depth/Camera_0/depth_00618.png,/home/caq/6666_raw/dav2_raw_0522/plans/0527/diagnostics/0530_improvement_vs_c2_0530_1501/N2_lp0p8_q0p3_aggressive/01_validx0000_Camera_0_rgb_00618_vs_c2.jpg,0.10232466398412889,0.10015847260314599,-0.002166191380982896,True
N2_lp0p8_q0p3_aggressive,72,Camera_0_rgb_00623,/mnt/drive/1111_new_works/VKITTI2/rgb/Scene20/morning/frames/rgb/Camera_0/rgb_00623.jpg,/mnt/drive/1111_new_works/VKITTI2/depth/Scene20/morning/frames/depth/Camera_0/depth_00623.png,/home/caq/6666_raw/dav2_raw_0522/plans/0527/diagnostics/0530_improvement_vs_c2_0530_1501/N2_lp0p8_q0p3_aggressive/02_validx0072_Camera_0_rgb_00623_vs_c2.jpg,0.12413807565156983,0.12052255838676068,-0.0036155172648091455,True
N2_lp0p8_q0p3_aggressive,886,Camera_0_rgb_00634,/mnt/drive/1111_new_works/VKITTI2/rgb/Scene20/30-deg-left/frames/rgb/Camera_0/rgb_00634.jpg,/mnt/drive/1111_new_works/VKITTI2/depth/Scene20/30-deg-left/frames/depth/Camera_0/depth_00634.png,/home/caq/6666_raw/dav2_raw_0522/plans/0527/diagnostics/0530_improvement_vs_c2_0530_1501/N2_lp0p8_q0p3_aggressive/03_validx0886_Camera_0_rgb_00634_vs_c2.jpg,0.15317032386172746,0.1335857028766652,-0.01958462098506225,True
N2_lp0p8_q0p3_aggressive,468,Camera_0_rgb_00452,/mnt/drive/1111_new_works/VKITTI2/rgb/Scene20/30-deg-left/frames/rgb/Camera_0/rgb_00452.jpg,/mnt/drive/1111_new_works/VKITTI2/depth/Scene20/30-deg-left/frames/depth/Camera_0/depth_00452.png,/home/caq/6666_raw/dav2_raw_0522/plans/0527/diagnostics/0530_improvement_vs_c2_0530_1501/N2_lp0p8_q0p3_aggressive/04_validx0468_Camera_0_rgb_00452_vs_c2.jpg,0.1928544189079718,0.17980036382660555,-0.013054055081366256,True
N2_lp0p8_q0p3_aggressive,543,Camera_0_rgb_00634,/mnt/drive/1111_new_works/VKITTI2/rgb/Scene20/15-deg-right/frames/rgb/Camera_0/rgb_00634.jpg,/mnt/drive/1111_new_works/VKITTI2/depth/Scene20/15-deg-right/frames/depth/Camera_0/depth_00634.png,/home/caq/6666_raw/dav2_raw_0522/plans/0527/diagnostics/0530_improvement_vs_c2_0530_1501/N2_lp0p8_q0p3_aggressive/05_validx0543_Camera_0_rgb_00634_vs_c2.jpg,0.13501683113980642,0.12218675084423862,-0.0128300802955678,True
N2_lp0p8_q0p3_aggressive,503,Camera_0_rgb_00548,/mnt/drive/1111_new_works/VKITTI2/rgb/Scene20/30-deg-left/frames/rgb/Camera_0/rgb_00548.jpg,/mnt/drive/1111_new_works/VKITTI2/depth/Scene20/30-deg-left/frames/depth/Camera_0/depth_00548.png,/home/caq/6666_raw/dav2_raw_0522/plans/0527/diagnostics/0530_improvement_vs_c2_0530_1501/N2_lp0p8_q0p3_aggressive/06_validx0503_Camera_0_rgb_00548_vs_c2.jpg,0.1685208796798112,0.15611371164346194,-0.012407168036349253,True
N2_lp0p8_q0p3_aggressive,95,Camera_0_rgb_00682,/mnt/drive/1111_new_works/VKITTI2/rgb/Scene20/15-deg-left/frames/rgb/Camera_0/rgb_00682.jpg,/mnt/drive/1111_new_works/VKITTI2/depth/Scene20/15-deg-left/frames/depth/Camera_0/depth_00682.png,/home/caq/6666_raw/dav2_raw_0522/plans/0527/diagnostics/0530_improvement_vs_c2_0530_1501/N2_lp0p8_q0p3_aggressive/07_validx0095_Camera_0_rgb_00682_vs_c2.jpg,0.0838723263132703,0.09568778461940387,0.011815458306133578,False
N2_lp0p8_q0p3_aggressive,891,Camera_0_rgb_00672,/mnt/drive/1111_new_works/VKITTI2/rgb/Scene20/sunset/frames/rgb/Camera_0/rgb_00672.jpg,/mnt/drive/1111_new_works/VKITTI2/depth/Scene20/sunset/frames/depth/Camera_0/depth_00672.png,/home/caq/6666_raw/dav2_raw_0522/plans/0527/diagnostics/0530_improvement_vs_c2_0530_1501/N2_lp0p8_q0p3_aggressive/08_validx0891_Camera_0_rgb_00672_vs_c2.jpg,0.1150558216809834,0.12503140775883959,0.009975586077856188,False
N2_lp0p8_q0p3_aggressive,967,Camera_0_rgb_00696,/mnt/drive/1111_new_works/VKITTI2/rgb/Scene20/30-deg-left/frames/rgb/Camera_0/rgb_00696.jpg,/mnt/drive/1111_new_works/VKITTI2/depth/Scene20/30-deg-left/frames/depth/Camera_0/depth_00696.png,/home/caq/6666_raw/dav2_raw_0522/plans/0527/diagnostics/0530_improvement_vs_c2_0530_1501/N2_lp0p8_q0p3_aggressive/09_validx0967_Camera_0_rgb_00696_vs_c2.jpg,0.13663588007242822,0.14598958917929936,0.009353709106871139,False
N2_lp0p8_q0p3_aggressive,934,Camera_0_rgb_00692,/mnt/drive/1111_new_works/VKITTI2/rgb/Scene20/15-deg-left/frames/rgb/Camera_0/rgb_00692.jpg,/mnt/drive/1111_new_works/VKITTI2/depth/Scene20/15-deg-left/frames/depth/Camera_0/depth_00692.png,/home/caq/6666_raw/dav2_raw_0522/plans/0527/diagnostics/0530_improvement_vs_c2_0530_1501/N2_lp0p8_q0p3_aggressive/10_validx0934_Camera_0_rgb_00692_vs_c2.jpg,0.12709197693732227,0.1361897468739404,0.009097769936618122,False
N2_lp0p5_q0p5_conservative,0,Camera_0_rgb_00618,/mnt/drive/1111_new_works/VKITTI2/rgb/Scene20/morning/frames/rgb/Camera_0/rgb_00618.jpg,/mnt/drive/1111_new_works/VKITTI2/depth/Scene20/morning/frames/depth/Camera_0/depth_00618.png,/home/caq/6666_raw/dav2_raw_0522/plans/0527/diagnostics/0530_improvement_vs_c2_0530_1501/N2_lp0p5_q0p5_conservative/01_validx0000_Camera_0_rgb_00618_vs_c2.jpg,0.10232466398412889,0.09980167789472295,-0.002522986089405932,True
N2_lp0p5_q0p5_conservative,72,Camera_0_rgb_00623,/mnt/drive/1111_new_works/VKITTI2/rgb/Scene20/morning/frames/rgb/Camera_0/rgb_00623.jpg,/mnt/drive/1111_new_works/VKITTI2/depth/Scene20/morning/frames/depth/Camera_0/depth_00623.png,/home/caq/6666_raw/dav2_raw_0522/plans/0527/diagnostics/0530_improvement_vs_c2_0530_1501/N2_lp0p5_q0p5_conservative/02_validx0072_Camera_0_rgb_00623_vs_c2.jpg,0.12413807565156983,0.12087528110067251,-0.0032627945508973133,True
N2_lp0p5_q0p5_conservative,310,Camera_0_rgb_00320,/mnt/drive/1111_new_works/VKITTI2/rgb/Scene20/fog/frames/rgb/Camera_0/rgb_00320.jpg,/mnt/drive/1111_new_works/VKITTI2/depth/Scene20/fog/frames/depth/Camera_0/depth_00320.png,/home/caq/6666_raw/dav2_raw_0522/plans/0527/diagnostics/0530_improvement_vs_c2_0530_1501/N2_lp0p5_q0p5_conservative/03_validx0310_Camera_0_rgb_00320_vs_c2.jpg,0.26651643925354424,0.24724590547808847,-0.01927053377545576,True
N2_lp0p5_q0p5_conservative,190,Camera_0_rgb_00456,/mnt/drive/1111_new_works/VKITTI2/rgb/Scene20/fog/frames/rgb/Camera_0/rgb_00456.jpg,/mnt/drive/1111_new_works/VKITTI2/depth/Scene20/fog/frames/depth/Camera_0/depth_00456.png,/home/caq/6666_raw/dav2_raw_0522/plans/0527/diagnostics/0530_improvement_vs_c2_0530_1501/N2_lp0p5_q0p5_conservative/04_validx0190_Camera_0_rgb_00456_vs_c2.jpg,0.12225977320791567,0.10395489756117736,-0.018304875646738314,True
N2_lp0p5_q0p5_conservative,886,Camera_0_rgb_00634,/mnt/drive/1111_new_works/VKITTI2/rgb/Scene20/30-deg-left/frames/rgb/Camera_0/rgb_00634.jpg,/mnt/drive/1111_new_works/VKITTI2/depth/Scene20/30-deg-left/frames/depth/Camera_0/depth_00634.png,/home/caq/6666_raw/dav2_raw_0522/plans/0527/diagnostics/0530_improvement_vs_c2_0530_1501/N2_lp0p5_q0p5_conservative/05_validx0886_Camera_0_rgb_00634_vs_c2.jpg,0.15317032386172746,0.1359980805540478,-0.017172243307679663,True
N2_lp0p5_q0p5_conservative,625,Camera_0_rgb_00294,/mnt/drive/1111_new_works/VKITTI2/rgb/Scene20/fog/frames/rgb/Camera_0/rgb_00294.jpg,/mnt/drive/1111_new_works/VKITTI2/depth/Scene20/fog/frames/depth/Camera_0/depth_00294.png,/home/caq/6666_raw/dav2_raw_0522/plans/0527/diagnostics/0530_improvement_vs_c2_0530_1501/N2_lp0p5_q0p5_conservative/06_validx0625_Camera_0_rgb_00294_vs_c2.jpg,0.15442608688817613,0.13839733865685144,-0.01602874823132469,True
N2_lp0p5_q0p5_conservative,712,Camera_0_rgb_00516,/mnt/drive/1111_new_works/VKITTI2/rgb/Scene20/rain/frames/rgb/Camera_0/rgb_00516.jpg,/mnt/drive/1111_new_works/VKITTI2/depth/Scene20/rain/frames/depth/Camera_0/depth_00516.png,/home/caq/6666_raw/dav2_raw_0522/plans/0527/diagnostics/0530_improvement_vs_c2_0530_1501/N2_lp0p5_q0p5_conservative/07_validx0712_Camera_0_rgb_00516_vs_c2.jpg,0.10274849248300746,0.11814421811026819,0.015395725627260728,False
N2_lp0p5_q0p5_conservative,934,Camera_0_rgb_00692,/mnt/drive/1111_new_works/VKITTI2/rgb/Scene20/15-deg-left/frames/rgb/Camera_0/rgb_00692.jpg,/mnt/drive/1111_new_works/VKITTI2/depth/Scene20/15-deg-left/frames/depth/Camera_0/depth_00692.png,/home/caq/6666_raw/dav2_raw_0522/plans/0527/diagnostics/0530_improvement_vs_c2_0530_1501/N2_lp0p5_q0p5_conservative/08_validx0934_Camera_0_rgb_00692_vs_c2.jpg,0.12709197693732227,0.14188008143412237,0.014788104496800097,False
N2_lp0p5_q0p5_conservative,967,Camera_0_rgb_00696,/mnt/drive/1111_new_works/VKITTI2/rgb/Scene20/30-deg-left/frames/rgb/Camera_0/rgb_00696.jpg,/mnt/drive/1111_new_works/VKITTI2/depth/Scene20/30-deg-left/frames/depth/Camera_0/depth_00696.png,/home/caq/6666_raw/dav2_raw_0522/plans/0527/diagnostics/0530_improvement_vs_c2_0530_1501/N2_lp0p5_q0p5_conservative/09_validx0967_Camera_0_rgb_00696_vs_c2.jpg,0.13663588007242822,0.14813831572935698,0.011502435656928767,False
N2_lp0p5_q0p5_conservative,30,Camera_0_rgb_00338,/mnt/drive/1111_new_works/VKITTI2/rgb/Scene20/sunset/frames/rgb/Camera_0/rgb_00338.jpg,/mnt/drive/1111_new_works/VKITTI2/depth/Scene20/sunset/frames/depth/Camera_0/depth_00338.png,/home/caq/6666_raw/dav2_raw_0522/plans/0527/diagnostics/0530_improvement_vs_c2_0530_1501/N2_lp0p5_q0p5_conservative/10_validx0030_Camera_0_rgb_00338_vs_c2.jpg,0.26927834311957577,0.2783934734716725,0.009115130352096712,False
N4_0530_0213_vkitti_n4_ffm_mid_lp0p5_q0p3_lfl0p0_rfttrue_vits_half187x621_sceneholdout_Scene20_n1000_seed42_bs8_e10,0,Camera_0_rgb_00618,/mnt/drive/1111_new_works/VKITTI2/rgb/Scene20/morning/frames/rgb/Camera_0/rgb_00618.jpg,/mnt/drive/1111_new_works/VKITTI2/depth/Scene20/morning/frames/depth/Camera_0/depth_00618.png,/home/caq/6666_raw/dav2_raw_0522/plans/0527/diagnostics/0530_improvement_vs_c2_0530_1501/N4_0530_0213_vkitti_n4_ffm_mid_lp0p5_q0p3_lfl0p0_rfttrue_vits_half187x621_sceneholdout_Scene20_n1000_seed42_bs8_e10/01_validx0000_Camera_0_rgb_00618_vs_c2.jpg,0.10232466398412889,0.10074289328963863,-0.0015817706944902532,True
N4_0530_0213_vkitti_n4_ffm_mid_lp0p5_q0p3_lfl0p0_rfttrue_vits_half187x621_sceneholdout_Scene20_n1000_seed42_bs8_e10,72,Camera_0_rgb_00623,/mnt/drive/1111_new_works/VKITTI2/rgb/Scene20/morning/frames/rgb/Camera_0/rgb_00623.jpg,/mnt/drive/1111_new_works/VKITTI2/depth/Scene20/morning/frames/depth/Camera_0/depth_00623.png,/home/caq/6666_raw/dav2_raw_0522/plans/0527/diagnostics/0530_improvement_vs_c2_0530_1501/N4_0530_0213_vkitti_n4_ffm_mid_lp0p5_q0p3_lfl0p0_rfttrue_vits_half187x621_sceneholdout_Scene20_n1000_seed42_bs8_e10/02_validx0072_Camera_0_rgb_00623_vs_c2.jpg,0.12413807565156983,0.12167584716428136,-0.0024622284872884703,True
N4_0530_0213_vkitti_n4_ffm_mid_lp0p5_q0p3_lfl0p0_rfttrue_vits_half187x621_sceneholdout_Scene20_n1000_seed42_bs8_e10,983,Camera_0_rgb_00364,/mnt/drive/1111_new_works/VKITTI2/rgb/Scene20/30-deg-left/frames/rgb/Camera_0/rgb_00364.jpg,/mnt/drive/1111_new_works/VKITTI2/depth/Scene20/30-deg-left/frames/depth/Camera_0/depth_00364.png,/home/caq/6666_raw/dav2_raw_0522/plans/0527/diagnostics/0530_improvement_vs_c2_0530_1501/N4_0530_0213_vkitti_n4_ffm_mid_lp0p5_q0p3_lfl0p0_rfttrue_vits_half187x621_sceneholdout_Scene20_n1000_seed42_bs8_e10/03_validx0983_Camera_0_rgb_00364_vs_c2.jpg,0.19331777757354054,0.1704332659535937,-0.02288451161994684,True
N4_0530_0213_vkitti_n4_ffm_mid_lp0p5_q0p3_lfl0p0_rfttrue_vits_half187x621_sceneholdout_Scene20_n1000_seed42_bs8_e10,886,Camera_0_rgb_00634,/mnt/drive/1111_new_works/VKITTI2/rgb/Scene20/30-deg-left/frames/rgb/Camera_0/rgb_00634.jpg,/mnt/drive/1111_new_works/VKITTI2/depth/Scene20/30-deg-left/frames/depth/Camera_0/depth_00634.png,/home/caq/6666_raw/dav2_raw_0522/plans/0527/diagnostics/0530_improvement_vs_c2_0530_1501/N4_0530_0213_vkitti_n4_ffm_mid_lp0p5_q0p3_lfl0p0_rfttrue_vits_half187x621_sceneholdout_Scene20_n1000_seed42_bs8_e10/04_validx0886_Camera_0_rgb_00634_vs_c2.jpg,0.15317032386172746,0.13594801121848787,-0.01722231264323959,True
N4_0530_0213_vkitti_n4_ffm_mid_lp0p5_q0p3_lfl0p0_rfttrue_vits_half187x621_sceneholdout_Scene20_n1000_seed42_bs8_e10,310,Camera_0_rgb_00320,/mnt/drive/1111_new_works/VKITTI2/rgb/Scene20/fog/frames/rgb/Camera_0/rgb_00320.jpg,/mnt/drive/1111_new_works/VKITTI2/depth/Scene20/fog/frames/depth/Camera_0/depth_00320.png,/home/caq/6666_raw/dav2_raw_0522/plans/0527/diagnostics/0530_improvement_vs_c2_0530_1501/N4_0530_0213_vkitti_n4_ffm_mid_lp0p5_q0p3_lfl0p0_rfttrue_vits_half187x621_sceneholdout_Scene20_n1000_seed42_bs8_e10/05_validx0310_Camera_0_rgb_00320_vs_c2.jpg,0.26651643925354424,0.2507424058644196,-0.015774033389124642,True
N4_0530_0213_vkitti_n4_ffm_mid_lp0p5_q0p3_lfl0p0_rfttrue_vits_half187x621_sceneholdout_Scene20_n1000_seed42_bs8_e10,681,Camera_0_rgb_00669,/mnt/drive/1111_new_works/VKITTI2/rgb/Scene20/fog/frames/rgb/Camera_0/rgb_00669.jpg,/mnt/drive/1111_new_works/VKITTI2/depth/Scene20/fog/frames/depth/Camera_0/depth_00669.png,/home/caq/6666_raw/dav2_raw_0522/plans/0527/diagnostics/0530_improvement_vs_c2_0530_1501/N4_0530_0213_vkitti_n4_ffm_mid_lp0p5_q0p3_lfl0p0_rfttrue_vits_half187x621_sceneholdout_Scene20_n1000_seed42_bs8_e10/06_validx0681_Camera_0_rgb_00669_vs_c2.jpg,0.12341132677097995,0.10956195699283582,-0.013849369778144133,True
N4_0530_0213_vkitti_n4_ffm_mid_lp0p5_q0p3_lfl0p0_rfttrue_vits_half187x621_sceneholdout_Scene20_n1000_seed42_bs8_e10,934,Camera_0_rgb_00692,/mnt/drive/1111_new_works/VKITTI2/rgb/Scene20/15-deg-left/frames/rgb/Camera_0/rgb_00692.jpg,/mnt/drive/1111_new_works/VKITTI2/depth/Scene20/15-deg-left/frames/depth/Camera_0/depth_00692.png,/home/caq/6666_raw/dav2_raw_0522/plans/0527/diagnostics/0530_improvement_vs_c2_0530_1501/N4_0530_0213_vkitti_n4_ffm_mid_lp0p5_q0p3_lfl0p0_rfttrue_vits_half187x621_sceneholdout_Scene20_n1000_seed42_bs8_e10/07_validx0934_Camera_0_rgb_00692_vs_c2.jpg,0.12709197693732227,0.13794189240210727,0.010849915464785004,False
N4_0530_0213_vkitti_n4_ffm_mid_lp0p5_q0p3_lfl0p0_rfttrue_vits_half187x621_sceneholdout_Scene20_n1000_seed42_bs8_e10,241,Camera_0_rgb_00689,/mnt/drive/1111_new_works/VKITTI2/rgb/Scene20/clone/frames/rgb/Camera_0/rgb_00689.jpg,/mnt/drive/1111_new_works/VKITTI2/depth/Scene20/clone/frames/depth/Camera_0/depth_00689.png,/home/caq/6666_raw/dav2_raw_0522/plans/0527/diagnostics/0530_improvement_vs_c2_0530_1501/N4_0530_0213_vkitti_n4_ffm_mid_lp0p5_q0p3_lfl0p0_rfttrue_vits_half187x621_sceneholdout_Scene20_n1000_seed42_bs8_e10/08_validx0241_Camera_0_rgb_00689_vs_c2.jpg,0.1416001821491981,0.15025337573186748,0.008653193582669388,False
N4_0530_0213_vkitti_n4_ffm_mid_lp0p5_q0p3_lfl0p0_rfttrue_vits_half187x621_sceneholdout_Scene20_n1000_seed42_bs8_e10,601,Camera_0_rgb_00340,/mnt/drive/1111_new_works/VKITTI2/rgb/Scene20/sunset/frames/rgb/Camera_0/rgb_00340.jpg,/mnt/drive/1111_new_works/VKITTI2/depth/Scene20/sunset/frames/depth/Camera_0/depth_00340.png,/home/caq/6666_raw/dav2_raw_0522/plans/0527/diagnostics/0530_improvement_vs_c2_0530_1501/N4_0530_0213_vkitti_n4_ffm_mid_lp0p5_q0p3_lfl0p0_rfttrue_vits_half187x621_sceneholdout_Scene20_n1000_seed42_bs8_e10/09_validx0601_Camera_0_rgb_00340_vs_c2.jpg,0.3139249352878907,0.3215240084269591,0.00759907313906838,False
N4_0530_0213_vkitti_n4_ffm_mid_lp0p5_q0p3_lfl0p0_rfttrue_vits_half187x621_sceneholdout_Scene20_n1000_seed42_bs8_e10,364,Camera_0_rgb_00743,/mnt/drive/1111_new_works/VKITTI2/rgb/Scene20/30-deg-right/frames/rgb/Camera_0/rgb_00743.jpg,/mnt/drive/1111_new_works/VKITTI2/depth/Scene20/30-deg-right/frames/depth/Camera_0/depth_00743.png,/home/caq/6666_raw/dav2_raw_0522/plans/0527/diagnostics/0530_improvement_vs_c2_0530_1501/N4_0530_0213_vkitti_n4_ffm_mid_lp0p5_q0p3_lfl0p0_rfttrue_vits_half187x621_sceneholdout_Scene20_n1000_seed42_bs8_e10/10_validx0364_Camera_0_rgb_00743_vs_c2.jpg,0.1249987889885829,0.13256137613334004,0.007562587144757146,False
N5_0530_0350_vkitti_n5_d1_lp0p5_q0p3_lfl0p0_rftna_vits_half187x621_sceneholdout_Scene20_n1000_seed42_bs8_e10,0,Camera_0_rgb_00618,/mnt/drive/1111_new_works/VKITTI2/rgb/Scene20/morning/frames/rgb/Camera_0/rgb_00618.jpg,/mnt/drive/1111_new_works/VKITTI2/depth/Scene20/morning/frames/depth/Camera_0/depth_00618.png,/home/caq/6666_raw/dav2_raw_0522/plans/0527/diagnostics/0530_improvement_vs_c2_0530_1501/N5_0530_0350_vkitti_n5_d1_lp0p5_q0p3_lfl0p0_rftna_vits_half187x621_sceneholdout_Scene20_n1000_seed42_bs8_e10/01_validx0000_Camera_0_rgb_00618_vs_c2.jpg,0.10232466398412889,0.10119912294529568,-0.0011255410388332082,True
N5_0530_0350_vkitti_n5_d1_lp0p5_q0p3_lfl0p0_rftna_vits_half187x621_sceneholdout_Scene20_n1000_seed42_bs8_e10,72,Camera_0_rgb_00623,/mnt/drive/1111_new_works/VKITTI2/rgb/Scene20/morning/frames/rgb/Camera_0/rgb_00623.jpg,/mnt/drive/1111_new_works/VKITTI2/depth/Scene20/morning/frames/depth/Camera_0/depth_00623.png,/home/caq/6666_raw/dav2_raw_0522/plans/0527/diagnostics/0530_improvement_vs_c2_0530_1501/N5_0530_0350_vkitti_n5_d1_lp0p5_q0p3_lfl0p0_rftna_vits_half187x621_sceneholdout_Scene20_n1000_seed42_bs8_e10/02_validx0072_Camera_0_rgb_00623_vs_c2.jpg,0.12413807565156983,0.1232461445800236,-0.0008919310715462259,True
N5_0530_0350_vkitti_n5_d1_lp0p5_q0p3_lfl0p0_rftna_vits_half187x621_sceneholdout_Scene20_n1000_seed42_bs8_e10,983,Camera_0_rgb_00364,/mnt/drive/1111_new_works/VKITTI2/rgb/Scene20/30-deg-left/frames/rgb/Camera_0/rgb_00364.jpg,/mnt/drive/1111_new_works/VKITTI2/depth/Scene20/30-deg-left/frames/depth/Camera_0/depth_00364.png,/home/caq/6666_raw/dav2_raw_0522/plans/0527/diagnostics/0530_improvement_vs_c2_0530_1501/N5_0530_0350_vkitti_n5_d1_lp0p5_q0p3_lfl0p0_rftna_vits_half187x621_sceneholdout_Scene20_n1000_seed42_bs8_e10/03_validx0983_Camera_0_rgb_00364_vs_c2.jpg,0.19331777757354054,0.16878782211129298,-0.024529955462247566,True
N5_0530_0350_vkitti_n5_d1_lp0p5_q0p3_lfl0p0_rftna_vits_half187x621_sceneholdout_Scene20_n1000_seed42_bs8_e10,968,Camera_0_rgb_00323,/mnt/drive/1111_new_works/VKITTI2/rgb/Scene20/30-deg-left/frames/rgb/Camera_0/rgb_00323.jpg,/mnt/drive/1111_new_works/VKITTI2/depth/Scene20/30-deg-left/frames/depth/Camera_0/depth_00323.png,/home/caq/6666_raw/dav2_raw_0522/plans/0527/diagnostics/0530_improvement_vs_c2_0530_1501/N5_0530_0350_vkitti_n5_d1_lp0p5_q0p3_lfl0p0_rftna_vits_half187x621_sceneholdout_Scene20_n1000_seed42_bs8_e10/04_validx0968_Camera_0_rgb_00323_vs_c2.jpg,0.25208141257592737,0.23288584597546844,-0.01919556660045893,True
N5_0530_0350_vkitti_n5_d1_lp0p5_q0p3_lfl0p0_rftna_vits_half187x621_sceneholdout_Scene20_n1000_seed42_bs8_e10,395,Camera_0_rgb_00315,/mnt/drive/1111_new_works/VKITTI2/rgb/Scene20/15-deg-left/frames/rgb/Camera_0/rgb_00315.jpg,/mnt/drive/1111_new_works/VKITTI2/depth/Scene20/15-deg-left/frames/depth/Camera_0/depth_00315.png,/home/caq/6666_raw/dav2_raw_0522/plans/0527/diagnostics/0530_improvement_vs_c2_0530_1501/N5_0530_0350_vkitti_n5_d1_lp0p5_q0p3_lfl0p0_rftna_vits_half187x621_sceneholdout_Scene20_n1000_seed42_bs8_e10/05_validx0395_Camera_0_rgb_00315_vs_c2.jpg,0.35621931040596566,0.338698469381134,-0.017520841024831646,True
N5_0530_0350_vkitti_n5_d1_lp0p5_q0p3_lfl0p0_rftna_vits_half187x621_sceneholdout_Scene20_n1000_seed42_bs8_e10,886,Camera_0_rgb_00634,/mnt/drive/1111_new_works/VKITTI2/rgb/Scene20/30-deg-left/frames/rgb/Camera_0/rgb_00634.jpg,/mnt/drive/1111_new_works/VKITTI2/depth/Scene20/30-deg-left/frames/depth/Camera_0/depth_00634.png,/home/caq/6666_raw/dav2_raw_0522/plans/0527/diagnostics/0530_improvement_vs_c2_0530_1501/N5_0530_0350_vkitti_n5_d1_lp0p5_q0p3_lfl0p0_rftna_vits_half187x621_sceneholdout_Scene20_n1000_seed42_bs8_e10/06_validx0886_Camera_0_rgb_00634_vs_c2.jpg,0.15317032386172746,0.13755386629599498,-0.015616457565732489,True
N5_0530_0350_vkitti_n5_d1_lp0p5_q0p3_lfl0p0_rftna_vits_half187x621_sceneholdout_Scene20_n1000_seed42_bs8_e10,989,Camera_0_rgb_00687,/mnt/drive/1111_new_works/VKITTI2/rgb/Scene20/30-deg-right/frames/rgb/Camera_0/rgb_00687.jpg,/mnt/drive/1111_new_works/VKITTI2/depth/Scene20/30-deg-right/frames/depth/Camera_0/depth_00687.png,/home/caq/6666_raw/dav2_raw_0522/plans/0527/diagnostics/0530_improvement_vs_c2_0530_1501/N5_0530_0350_vkitti_n5_d1_lp0p5_q0p3_lfl0p0_rftna_vits_half187x621_sceneholdout_Scene20_n1000_seed42_bs8_e10/07_validx0989_Camera_0_rgb_00687_vs_c2.jpg,0.08497276575743187,0.10470887143021981,0.01973610567278794,False
N5_0530_0350_vkitti_n5_d1_lp0p5_q0p3_lfl0p0_rftna_vits_half187x621_sceneholdout_Scene20_n1000_seed42_bs8_e10,70,Camera_0_rgb_00689,/mnt/drive/1111_new_works/VKITTI2/rgb/Scene20/30-deg-right/frames/rgb/Camera_0/rgb_00689.jpg,/mnt/drive/1111_new_works/VKITTI2/depth/Scene20/30-deg-right/frames/depth/Camera_0/depth_00689.png,/home/caq/6666_raw/dav2_raw_0522/plans/0527/diagnostics/0530_improvement_vs_c2_0530_1501/N5_0530_0350_vkitti_n5_d1_lp0p5_q0p3_lfl0p0_rftna_vits_half187x621_sceneholdout_Scene20_n1000_seed42_bs8_e10/08_validx0070_Camera_0_rgb_00689_vs_c2.jpg,0.13442715332099997,0.15245441539819302,0.018027262077193046,False
N5_0530_0350_vkitti_n5_d1_lp0p5_q0p3_lfl0p0_rftna_vits_half187x621_sceneholdout_Scene20_n1000_seed42_bs8_e10,414,Camera_0_rgb_00676,/mnt/drive/1111_new_works/VKITTI2/rgb/Scene20/30-deg-right/frames/rgb/Camera_0/rgb_00676.jpg,/mnt/drive/1111_new_works/VKITTI2/depth/Scene20/30-deg-right/frames/depth/Camera_0/depth_00676.png,/home/caq/6666_raw/dav2_raw_0522/plans/0527/diagnostics/0530_improvement_vs_c2_0530_1501/N5_0530_0350_vkitti_n5_d1_lp0p5_q0p3_lfl0p0_rftna_vits_half187x621_sceneholdout_Scene20_n1000_seed42_bs8_e10/09_validx0414_Camera_0_rgb_00676_vs_c2.jpg,0.07944366444976764,0.0961701783454151,0.016726513895647457,False
N5_0530_0350_vkitti_n5_d1_lp0p5_q0p3_lfl0p0_rftna_vits_half187x621_sceneholdout_Scene20_n1000_seed42_bs8_e10,912,Camera_0_rgb_00690,/mnt/drive/1111_new_works/VKITTI2/rgb/Scene20/30-deg-right/frames/rgb/Camera_0/rgb_00690.jpg,/mnt/drive/1111_new_works/VKITTI2/depth/Scene20/30-deg-right/frames/depth/Camera_0/depth_00690.png,/home/caq/6666_raw/dav2_raw_0522/plans/0527/diagnostics/0530_improvement_vs_c2_0530_1501/N5_0530_0350_vkitti_n5_d1_lp0p5_q0p3_lfl0p0_rftna_vits_half187x621_sceneholdout_Scene20_n1000_seed42_bs8_e10/10_validx0912_Camera_0_rgb_00690_vs_c2.jpg,0.12699751966372133,0.14219193118055132,0.015194411516829986,False
N7_0530_0216_vkitti_n7_x3_lp0p5_q0p3_lfl0p0_rfttrue_vits_half187x621_sceneholdout_Scene20_n1000_seed42_bs8_e10,0,Camera_0_rgb_00618,/mnt/drive/1111_new_works/VKITTI2/rgb/Scene20/morning/frames/rgb/Camera_0/rgb_00618.jpg,/mnt/drive/1111_new_works/VKITTI2/depth/Scene20/morning/frames/depth/Camera_0/depth_00618.png,/home/caq/6666_raw/dav2_raw_0522/plans/0527/diagnostics/0530_improvement_vs_c2_0530_1501/N7_0530_0216_vkitti_n7_x3_lp0p5_q0p3_lfl0p0_rfttrue_vits_half187x621_sceneholdout_Scene20_n1000_seed42_bs8_e10/01_validx0000_Camera_0_rgb_00618_vs_c2.jpg,0.10232466398412889,0.09998429447662403,-0.0023403695075048525,True
N7_0530_0216_vkitti_n7_x3_lp0p5_q0p3_lfl0p0_rfttrue_vits_half187x621_sceneholdout_Scene20_n1000_seed42_bs8_e10,72,Camera_0_rgb_00623,/mnt/drive/1111_new_works/VKITTI2/rgb/Scene20/morning/frames/rgb/Camera_0/rgb_00623.jpg,/mnt/drive/1111_new_works/VKITTI2/depth/Scene20/morning/frames/depth/Camera_0/depth_00623.png,/home/caq/6666_raw/dav2_raw_0522/plans/0527/diagnostics/0530_improvement_vs_c2_0530_1501/N7_0530_0216_vkitti_n7_x3_lp0p5_q0p3_lfl0p0_rfttrue_vits_half187x621_sceneholdout_Scene20_n1000_seed42_bs8_e10/02_validx0072_Camera_0_rgb_00623_vs_c2.jpg,0.12413807565156983,0.12093235978141414,-0.0032057158701556815,True
N7_0530_0216_vkitti_n7_x3_lp0p5_q0p3_lfl0p0_rfttrue_vits_half187x621_sceneholdout_Scene20_n1000_seed42_bs8_e10,397,Camera_0_rgb_00068,/mnt/drive/1111_new_works/VKITTI2/rgb/Scene20/fog/frames/rgb/Camera_0/rgb_00068.jpg,/mnt/drive/1111_new_works/VKITTI2/depth/Scene20/fog/frames/depth/Camera_0/depth_00068.png,/home/caq/6666_raw/dav2_raw_0522/plans/0527/diagnostics/0530_improvement_vs_c2_0530_1501/N7_0530_0216_vkitti_n7_x3_lp0p5_q0p3_lfl0p0_rfttrue_vits_half187x621_sceneholdout_Scene20_n1000_seed42_bs8_e10/03_validx0397_Camera_0_rgb_00068_vs_c2.jpg,0.13699086848644154,0.0942982940908091,-0.04269257439563244,True
N7_0530_0216_vkitti_n7_x3_lp0p5_q0p3_lfl0p0_rfttrue_vits_half187x621_sceneholdout_Scene20_n1000_seed42_bs8_e10,861,Camera_0_rgb_00066,/mnt/drive/1111_new_works/VKITTI2/rgb/Scene20/fog/frames/rgb/Camera_0/rgb_00066.jpg,/mnt/drive/1111_new_works/VKITTI2/depth/Scene20/fog/frames/depth/Camera_0/depth_00066.png,/home/caq/6666_raw/dav2_raw_0522/plans/0527/diagnostics/0530_improvement_vs_c2_0530_1501/N7_0530_0216_vkitti_n7_x3_lp0p5_q0p3_lfl0p0_rfttrue_vits_half187x621_sceneholdout_Scene20_n1000_seed42_bs8_e10/04_validx0861_Camera_0_rgb_00066_vs_c2.jpg,0.138387405962067,0.09976999727843311,-0.03861740868363389,True
N7_0530_0216_vkitti_n7_x3_lp0p5_q0p3_lfl0p0_rfttrue_vits_half187x621_sceneholdout_Scene20_n1000_seed42_bs8_e10,950,Camera_0_rgb_00717,/mnt/drive/1111_new_works/VKITTI2/rgb/Scene20/fog/frames/rgb/Camera_0/rgb_00717.jpg,/mnt/drive/1111_new_works/VKITTI2/depth/Scene20/fog/frames/depth/Camera_0/depth_00717.png,/home/caq/6666_raw/dav2_raw_0522/plans/0527/diagnostics/0530_improvement_vs_c2_0530_1501/N7_0530_0216_vkitti_n7_x3_lp0p5_q0p3_lfl0p0_rfttrue_vits_half187x621_sceneholdout_Scene20_n1000_seed42_bs8_e10/05_validx0950_Camera_0_rgb_00717_vs_c2.jpg,0.10419367250957966,0.07036013297602345,-0.03383353953355621,True
N7_0530_0216_vkitti_n7_x3_lp0p5_q0p3_lfl0p0_rfttrue_vits_half187x621_sceneholdout_Scene20_n1000_seed42_bs8_e10,792,Camera_0_rgb_00716,/mnt/drive/1111_new_works/VKITTI2/rgb/Scene20/fog/frames/rgb/Camera_0/rgb_00716.jpg,/mnt/drive/1111_new_works/VKITTI2/depth/Scene20/fog/frames/depth/Camera_0/depth_00716.png,/home/caq/6666_raw/dav2_raw_0522/plans/0527/diagnostics/0530_improvement_vs_c2_0530_1501/N7_0530_0216_vkitti_n7_x3_lp0p5_q0p3_lfl0p0_rfttrue_vits_half187x621_sceneholdout_Scene20_n1000_seed42_bs8_e10/06_validx0792_Camera_0_rgb_00716_vs_c2.jpg,0.10729425687447061,0.07349443390552993,-0.033799822968940685,True
N7_0530_0216_vkitti_n7_x3_lp0p5_q0p3_lfl0p0_rfttrue_vits_half187x621_sceneholdout_Scene20_n1000_seed42_bs8_e10,712,Camera_0_rgb_00516,/mnt/drive/1111_new_works/VKITTI2/rgb/Scene20/rain/frames/rgb/Camera_0/rgb_00516.jpg,/mnt/drive/1111_new_works/VKITTI2/depth/Scene20/rain/frames/depth/Camera_0/depth_00516.png,/home/caq/6666_raw/dav2_raw_0522/plans/0527/diagnostics/0530_improvement_vs_c2_0530_1501/N7_0530_0216_vkitti_n7_x3_lp0p5_q0p3_lfl0p0_rfttrue_vits_half187x621_sceneholdout_Scene20_n1000_seed42_bs8_e10/07_validx0712_Camera_0_rgb_00516_vs_c2.jpg,0.10274849248300746,0.12979891753438677,0.027050425051379307,False
N7_0530_0216_vkitti_n7_x3_lp0p5_q0p3_lfl0p0_rfttrue_vits_half187x621_sceneholdout_Scene20_n1000_seed42_bs8_e10,30,Camera_0_rgb_00338,/mnt/drive/1111_new_works/VKITTI2/rgb/Scene20/sunset/frames/rgb/Camera_0/rgb_00338.jpg,/mnt/drive/1111_new_works/VKITTI2/depth/Scene20/sunset/frames/depth/Camera_0/depth_00338.png,/home/caq/6666_raw/dav2_raw_0522/plans/0527/diagnostics/0530_improvement_vs_c2_0530_1501/N7_0530_0216_vkitti_n7_x3_lp0p5_q0p3_lfl0p0_rfttrue_vits_half187x621_sceneholdout_Scene20_n1000_seed42_bs8_e10/08_validx0030_Camera_0_rgb_00338_vs_c2.jpg,0.26927834311957577,0.28217764742931034,0.012899304309734572,False
N7_0530_0216_vkitti_n7_x3_lp0p5_q0p3_lfl0p0_rfttrue_vits_half187x621_sceneholdout_Scene20_n1000_seed42_bs8_e10,601,Camera_0_rgb_00340,/mnt/drive/1111_new_works/VKITTI2/rgb/Scene20/sunset/frames/rgb/Camera_0/rgb_00340.jpg,/mnt/drive/1111_new_works/VKITTI2/depth/Scene20/sunset/frames/depth/Camera_0/depth_00340.png,/home/caq/6666_raw/dav2_raw_0522/plans/0527/diagnostics/0530_improvement_vs_c2_0530_1501/N7_0530_0216_vkitti_n7_x3_lp0p5_q0p3_lfl0p0_rfttrue_vits_half187x621_sceneholdout_Scene20_n1000_seed42_bs8_e10/09_validx0601_Camera_0_rgb_00340_vs_c2.jpg,0.3139249352878907,0.32653952172193573,0.012614586434045005,False
N7_0530_0216_vkitti_n7_x3_lp0p5_q0p3_lfl0p0_rfttrue_vits_half187x621_sceneholdout_Scene20_n1000_seed42_bs8_e10,772,Camera_0_rgb_00517,/mnt/drive/1111_new_works/VKITTI2/rgb/Scene20/rain/frames/rgb/Camera_0/rgb_00517.jpg,/mnt/drive/1111_new_works/VKITTI2/depth/Scene20/rain/frames/depth/Camera_0/depth_00517.png,/home/caq/6666_raw/dav2_raw_0522/plans/0527/diagnostics/0530_improvement_vs_c2_0530_1501/N7_0530_0216_vkitti_n7_x3_lp0p5_q0p3_lfl0p0_rfttrue_vits_half187x621_sceneholdout_Scene20_n1000_seed42_bs8_e10/10_validx0772_Camera_0_rgb_00517_vs_c2.jpg,0.10628433699233851,0.11833902703247523,0.01205469004013672,False
